{"train_loss": [1.3967863439371029, 1.0026806002607742, 0.8612900730520011, 0.8252756806989067, 0.7458076591308886, 0.737842994947403, 0.6916454804781527, 0.6698157793988054, 0.6414891560428059, 0.6325796486470646, 0.6126162249821062, 0.606688211520259, 0.594198619881377, 0.5892587534535807, 0.5785692036151886], "val_loss": [1.080676581710577, 1.0070617944002151, 0.882260974496603, 0.9075743779540062, 0.8259887956082821, 0.781425166875124, 0.7690075375139713, 0.7670114487409592, 0.769539762288332, 0.7665464282035828, 0.7834342531859875, 0.7595070451498032, 0.7510148771107197, 0.7617947719991207, 0.7492900360375643], "train_acc": [0.48845, 0.6405, 0.6912, 0.7043, 0.7353, 0.7377, 0.75055, 0.7563, 0.77, 0.77515, 0.7812, 0.7842, 0.78715, 0.7896, 0.79255], "val_acc": [0.598, 0.655, 0.683, 0.689, 0.711, 0.728, 0.739, 0.73, 0.737, 0.731, 0.734, 0.741, 0.747, 0.744, 0.739]}